실무자결재,,작업상태 색상 구분,작업상태 설명,,,,,,,
,,작업중,현재 진행 중인 작업,,,,,,,
개발기간,25. 03 ~,개발서버 반영,로컬에서 작업 및 테스트 후 개발서버 반영 완료,,,,,,,
최종 업데이트,,운영서버 반영,개발서버 테스트 후 운영서버 반영,,,,,,,
진행률,92.3%,작업대기,작업 진행 전,,,,,,,
,,,,,,,,,,
기능 ID,상위 기능,세부 기능,기능 설명,트리거/파라미터,사전조건/검증규칙,"예외 처리
(입력조건 만족하지 못 했을 때 동작)",테스트 포인트,비고,완료일자,보류작업
CALI_WAPP-001,실무자결재(리스트),리스트 및 검색필터 표시,"1. 표시할 열
- 구분, 관리번호, 소분류, 접수일, 성적서번호, 신청업체, 성적서발행처,
  기기명, 기기번호, 제작회사, 형식, 진행상태, 작성, 작성자,
  실무자, 기술책임자, 원본, 결재, EXCEL, PDF
- 구분/관리번호/소분류/접수일/성적서번호 5개 컬럼 좌측 고정(frozenCount)

2. 검색필터 세분화
- 진행상태 (대기/실무자반려/기술책임자반려/재업로드/수리/불가/취소/완료)
- 결재상태 (결재대기/결재진행중/결재실패/결재완료) — 기본값: 전체
- 작성상태 (미작성/작성대기/작성중/작성완료/작성실패)
- 접수구분 (공인/비공인/시험)
- 중분류 / 소분류 (동적 연동 — 중분류 변경 시 소분류 목록 갱신)
- 검색타입 (성적서번호/신청업체/성적서발행처/실무자/기술책임자/기기명/형식/제작회사/기기번호/관리번호)","1. 트리거
- 페이지 최초 진입 시 자동 조회
- 검색 영역에서 조회 버튼 클릭
- 그리드 페이징 시

2. 파라미터 (GET /api/report/workApprovalList)
- reportStatus (진행상태)
- workStatus (결재상태)
- writeStatus (성적서작성 상태)
- orderType (접수구분)
- middleItemCodeId (중분류코드 id)
- smallItemCodeId (소분류코드 id)
- searchType (검색타입)
- keyword (검색키워드)
- page, pageSize, sortColumn, sortDirection
  (Toast Grid 페이징 API)","1. 중분류 변경 시 소분류 목록 갱신
- 선택된 중분류에 해당하는 소분류만 표시
- 중분류 초기화 시 소분류도 초기화

2. 페이지 진입 시 중/소분류 코드 비동기 초기화
- GET /api/basic/getItemCodeInfos 호출",,,,
CALI_WAPP-002,실무자결재(리스트),리스트 데이터 표시,- 검색조건과 연동하여 TUI Grid를 통해 데이터 표시
- 서버 페이징 (기본 25건/페이지 — 25/50/100/200 선택 가능)
- SELF 타입 자체성적서만 표시,,,,,,
CALI_WAPP-003,실무자결재(리스트),행 클릭 → 성적서 수정 모달,"1. 그리드 행 클릭 시 성적서 수정(reportModify) 모달 호출
2. 모달 닫힘 후 현재 페이지 유지하며 그리드 재조회
3. COMPLETE(최종완료) 상태이면 저장 버튼 비활성화
4. 성적서작성 버튼(modal-btn-write-report)은 모달 내에서 별도 처리","1. 트리거
- 구분/결재/원본/EXCEL/PDF/체크박스 컬럼 외의 셀 클릭

2. 파라미터
- id (성적서 고유 id)",,,,,,
CALI_WAPP-004,실무자결재(리스트),성적서작성,"1. 체크된 항목을 대상으로 성적서작성(reportWrite) 모달 호출
2. 동일한 소분류 항목만 선택 가능 (소분류코드가 다르면 불가)
3. 모달 닫힘 후 그리드 재조회 (write_status 변경 반영)","1. 트리거
- '성적서작성' 버튼 클릭

2. 파라미터 (reportWrite 모달 전달)
- smallItemCodeId (첫 번째 체크 행의 소분류코드 id)
- smallCodeNum (소분류코드 표시값)
- reportIds (체크된 모든 성적서 id 배열)","1. 체크된 항목이 존재해야 함
2. 소분류코드가 모두 동일해야 함","1. 체크 항목 없을 때
- ""리스트에서 항목을 선택해 주세요."" gToast 경고

2. 소분류가 다를 때
- ""동일한 소분류 항목만 선택해 주세요."" gToast 경고",,,,
CALI_WAPP-005,실무자결재(리스트),비정상 종료 복구,"1. 성적서작성 미들웨어(ExcelWorkApp) 비정상 종료로 고착된
   READY/PROGRESS 상태의 writeStatus를 IDLE(미작성)로 초기화
2. 체크된 항목 중 READY 또는 PROGRESS 상태인 항목만 대상
3. 확인 후 PATCH /api/excelwork/reset 호출","1. 트리거
- '비정상 종료 복구' 버튼 클릭

2. 파라미터 (PATCH /api/excelwork/reset)
- reportIds (READY/PROGRESS 항목의 성적서 id 배열)","1. 체크된 항목이 존재해야 함
2. 대상 항목 중 READY 또는 PROGRESS 상태가 1건 이상 있어야 함","1. 체크 항목 없을 때
- ""리스트에서 항목을 선택해 주세요."" gToast 경고

2. READY/PROGRESS 항목이 없을 때
- ""복구 대상 항목이 없습니다. (작성대기/작성중 상태만 복구 가능)"" gToast 경고",,,,
CALI_WAPP-006,실무자결재(리스트),성적서대기변경,- 선택한 성적서의 결재상태를 대기(READY)로 변경하는 기능 (구현 준비중),,,,- 현재 버튼 클릭 시 ""구현 준비중입니다."" gToast 안내,,,성적서대기변경 기능 구현
CALI_WAPP-007,실무자결재(리스트),통합수정,"1. 체크된 항목을 대상으로 통합수정(selfReportMultiUpdate) 모달 호출
2. 여러 성적서의 공통 항목(실무자/기술책임자 등)을 일괄 수정
3. 모달 닫힘 후 현재 페이지 유지하며 그리드 재조회","1. 트리거
- '통합수정' 버튼 클릭

2. 파라미터 (selfReportMultiUpdate 모달 전달)
- reportIds (체크된 성적서 id 배열)","1. 체크된 항목이 존재해야 함","1. 체크 항목 없을 때
- ""리스트에서 항목을 선택해 주세요."" gToast 경고",,,,
CALI_WAPP-008,실무자결재(리스트),단건 실무자결재,"1. 결재 컬럼의 아이콘 버튼 클릭 → 해당 성적서 1건에 대해 실무자결재 처리
2. 원본 성적서(originFileId)가 있는 경우에만 결재 버튼 표시
3. POST /api/report/jobs/batches/work-approval 로 배치 생성
4. 배치 생성 후 폴링으로 진행상황 표시 (CALI_WAPP-010 참조)
5. 완료 후 그리드 재조회","1. 트리거
- 결재 컬럼(uploadBtn)의 펜 아이콘 버튼 클릭

2. 파라미터 (POST /api/report/jobs/batches/work-approval)
- reportIds (단건 성적서 id를 배열로 전달)","1. 원본 성적서(originFileId)가 있어야 버튼 표시
2. 결재 확인 다이얼로그 승인 필요","1. 원본 파일 없을 때
- 결재 버튼 자체가 표시되지 않음 (빈 셀)

2. 배치 생성 실패 시
- gMessage 오류 안내",,,,
CALI_WAPP-009,실무자결재(리스트),성적서 다중결재,"1. 체크된 항목 중 원본 성적서(originFileId)가 있는 항목만 결재 대상
2. workMemberId(실무자) 기준으로 그룹화하여 그룹별로 순차 결재 처리
   (서명 이미지가 실무자별로 다르므로 배치 단위로 실무자 동일 필요)
3. 그룹별로 doWorkApproval() 순차 호출
4. 각 그룹에 대한 확인/진행/완료가 순서대로 진행","1. 트리거
- '성적서 다중결재' 버튼 클릭

2. 파라미터 (그룹별 POST /api/report/jobs/batches/work-approval)
- reportIds (그룹 내 성적서 id 배열)","1. 체크된 항목이 존재해야 함
2. 원본 성적서가 있는 항목이 1건 이상 있어야 함","1. 체크 항목 없을 때
- ""리스트에서 항목을 선택해 주세요."" gToast 경고

2. 결재 가능한 항목(originFileId 있는 것)이 없을 때
- ""결재 가능한 항목이 없습니다. 성적서작성이 완료된 항목을 선택해 주세요."" gToast 경고",,,,
CALI_WAPP-010,실무자결재(리스트),결재 진행상황 폴링 표시,"1. 배치 생성 후 SweetAlert2 팝업으로 진행상황 실시간 표시
2. 5초 간격으로 GET /api/report/jobs/batches/{batchId} 폴링
3. 최대 5분(60회) 폴링 후 타임아웃 처리
4. 각 성적서(item)별 처리 단계 표시
   - DOWNLOADING_ORIGIN: origin 다운로드
   - INSERTING_SIGN: 서명 삽입
   - CONVERTING_PDF: PDF 변환
   - UPLOADING_SIGNED: 파일 업로드
   - DONE: 완료
5. 전체 진행률 프로그레스 바 표시 (성공/실패 건수)
6. 배치 상태가 SUCCESS/FAIL/CANCELED 이면 폴링 종료 및 결과 안내","1. 트리거
- 단건 결재(CALI_WAPP-008) 또는 다중결재(CALI_WAPP-009)의 배치 생성 완료 후 자동 실행

2. 파라미터
- batchId (배치 생성 응답에서 수신)",,,"1. 타임아웃(5분 초과) 시
- ""작업 진행상황을 확인할 수 없습니다. 잠시 후 다시 확인해 주세요."" gMessage 경고

2. 배치 FAIL 종료 시
- ""N건 처리 실패"" gMessage 오류 안내

3. 배치 CANCELED 시
- ""작업이 취소되었습니다."" gMessage 안내",,,,
CALI_WAPP-011,실무자결재(리스트),원본 성적서 다운로드,"1. 원본 컬럼(originFileId)에 파일이 있을 때 엑셀 아이콘 버튼 표시
2. 아이콘 클릭 시 원본 성적서 엑셀 파일 다운로드
3. fetch + blob 방식으로 다운로드 (Content-Disposition 에서 파일명 추출)
4. 다운로드 중 gLoadingMessage 표시로 연속 클릭 방지","1. 트리거
- 원본 컬럼(originFileId)의 엑셀 아이콘 버튼 클릭

2. API (GET /api/file/report/{reportId}/origin)
- reportId (성적서 고유 id)
- reportNum (파일명 지정용, 쿼리 파라미터)","1. originFileId가 있을 때만 버튼 표시
2. 행 클릭 이벤트로의 전파 차단(stopPropagation)","1. 파일 없을 때
- 버튼 자체가 표시되지 않음 (빈 셀)

2. 다운로드 실패 시
- ""파일 다운로드 중 오류가 발생했습니다."" gToast 오류",,,,
CALI_WAPP-012,실무자결재(리스트),결재 완료 EXCEL 다운로드,"1. EXCEL 컬럼(excelFileId)에 파일이 있을 때 엑셀 아이콘 버튼 표시
2. 아이콘 클릭 시 결재 완료 후 생성된 서명 삽입 EXCEL 파일 다운로드
3. fetch + blob 방식으로 다운로드","1. 트리거
- EXCEL 컬럼(excelFileId)의 아이콘 버튼 클릭

2. API (GET /api/file/report/{reportId}/signed_xlsx)
- reportId (성적서 고유 id)
- reportNum (파일명 지정용, 쿼리 파라미터)","1. excelFileId가 있을 때만 버튼 표시 (결재 완료 후 생성)","1. 파일 없을 때
- 버튼 자체가 표시되지 않음 (빈 셀)

2. 다운로드 실패 시
- ""파일 다운로드 중 오류가 발생했습니다."" gToast 오류",,,,
CALI_WAPP-013,실무자결재(리스트),결재 완료 PDF 다운로드,"1. PDF 컬럼(pdfFileId)에 파일이 있을 때 PDF 아이콘 버튼 표시 (빨간색)
2. 아이콘 클릭 시 결재 완료 후 생성된 서명 삽입 PDF 파일 다운로드
3. fetch + blob 방식으로 다운로드","1. 트리거
- PDF 컬럼(pdfFileId)의 아이콘 버튼 클릭

2. API (GET /api/file/report/{reportId}/signed_pdf)
- reportId (성적서 고유 id)
- reportNum (파일명 지정용, 쿼리 파라미터)","1. pdfFileId가 있을 때만 버튼 표시 (결재 완료 후 생성)","1. 파일 없을 때
- 버튼 자체가 표시되지 않음 (빈 셀)

2. 다운로드 실패 시
- ""파일 다운로드 중 오류가 발생했습니다."" gToast 오류",,,,
